{
    "Line_Up1": 0.76,
    "Line_Up2": 0.7566666666666667,
    "Line_Down1": 0.71,
    "Line_Down2": 0.6983333333333334,
    "Up_Limit": 0.19333333333333333,
    "Down_Limit": 0.8466666666666667
}